﻿<?xml version='1.0' encoding='UTF-8' ?>
<header_vars>
<graphics_color>FFFFFF</graphics_color>
<animation_loop>no</animation_loop>
<transition_time_seconds>4</transition_time_seconds>

<header>
	<text_header_h1 x_pos="5" y_pos="62" size="15" letter_spacing="3" text_color="FFFFFF">MY FIRST SLOGAN</text_header_h1>
	<text_header_h2 x_pos="5" y_pos="90" size="20" letter_spacing="1.9" text_color="FFFFFF">MY SECOND SLOGAN</text_header_h2>	
	<image>images/your_image1.jpg</image>
</header>	
<header>
	<text_header_h1 x_pos="5" y_pos="62" size="20" letter_spacing="5" text_color="FFFFFF">My  best photos...</text_header_h1>
	<text_header_h2 x_pos="5" y_pos="90" size="20" letter_spacing="1.9" text_color="FFFFFF"></text_header_h2>	
	<image>images/your_image2.jpg</image>
</header>	
<header>
	<text_header_h1 x_pos="250" y_pos="42" size="20" letter_spacing="4" text_color="FFFFFF">My  other slogan...</text_header_h1>
	<text_header_h2 x_pos="290" y_pos="90" size="20" letter_spacing="1.9" text_color="FFFFFF"></text_header_h2>	
	<image>images/your_image3.jpg</image>
</header>	


<music_file loop="no" music_control="no" play_music="yes">sounds/music.mp3</music_file>
<play_transition_sound_file>yes</play_transition_sound_file>
<display_preload graphic_color="FFFFFF">yes</display_preload>
<replay display="no" x_pos="5" y_pos="5" size="10" letter_spacing="1" bgd_color="000000" text_color="FFFFFF"> Replay</replay>
</header_vars>